codigo,nombre_producto,tipo_envase,destino,posibles_lineas_produccion
4-01-0000-1030,SEMITERMINADO AGUARDIENTE CRISTAL SA AZUL 750 VIDRIO 30°,750V2,SEMITERMINADO,1
4-01-0000-1123,SEMITERMINADO AGUARDIENTE AMARILLO SA 700 VID 24° EXP ,700CV-A,SEMITERMINADO,4
4-01-0000-1265,SEMITERMINADO AGUARDIENTE AMARILLO SA 750 ENV REG VID 24°EXP,750CV-A,SEMITERMINADO EXP,3
4-01-0000-1274,SEMITERMINADO AG AMARILLO SA 750 ENV REG VID 24° BOLIVIA,750CV-A,SEMITERMINADO,3
4-01-0000-1275,SEMITERMINADO AG AMARILLO SA 750 ENV REG VID 24° ECUADOR,750CV-A,SEMITERMINADO,3
4-01-0000-1300,SEMITERMINADO LICOR DE ANIS AMA SA 750 VIDRIO 24° REG CHILE,750CV-A,SEMITERMINADO,3
4-01-0000-1301,SEMITERMINADO LICOR DE ANIS AMA SA 750 VIDRIO 24° REG PERU,750CV-A,SEMITERMINADO,3
4-01-0000-1303,SEMITERMINADO AGUARDIENTE AMARILLO SA 750 VIDRIO 24° REG CR,750CV-A,SEMITERMINADO,3
4-01-0000-1304,SEMITERMINADO AGUARDIENTE AMARILLO SA 750 VIDRIO 24°REG PAN,750CV-A,SEMITERMINADO,3
4-01-0000-1331,SEMITERMINADO AGUARDIENTE AMARILLO SA 375 VIDRIO 24° EEUU,375CV-A,SEMITERMINADO,4
4-01-0173-0121,AGUARDIENTE CRISTAL TRADICIONAL 375 VIDRIO 29°,375R,ZONA 3,1
4-01-0173-0122,AGUARDIENTE CRISTAL SIN AZÚCAR GRIS 375 VIDRIO 29°,375R,ZONA 3,1
4-01-0173-0123,AGUARDIENTE CRISTAL TRADICIONAL 750 VIDRIO 29°,750R,ZONA 3,1
4-01-0173-0124,AGUARDIENTE CRISTAL SIN AZÚCAR GRIS 750 VIDRIO 29°,750R,ZONA 3,1
4-01-0173-0125,AGUARDIENTE CRISTAL TRADICIONAL 1750 VIDRIO 29°,1750-AD,ZONA 3,4
4-01-1960-1329,AGUARDIENTE AMARILLO DE MANZANARES SA 375 VIDRIO 24°,375CV-A,COSTA RICA,2
4-01-0690-1350,AGUARDIENTE AMARILLO DE MANZANARES SA 375 VIDRIO 24°,375CV-A,AUSTRALIA,2
4-01-0880-1137,AGUARDIENTE AMARILLO DE MANZANARES SA 375 VIDRIO 24° NP,375CV-A,AUSTRALIA,2
4-01-0692-1291,AGUARDIENTE AMARILLO DE MANZANARES SA 700 VIDRIO 24°,700CV-A,NUEVA ZELANDA,4
4-01-0000-1050,SEMITERMINADO AGUARDIENTE AMARILLO SA 750 VID 24°EXP,750CV-A,SEMITERMINADO,4
4-03-0000-0968,SEMITERMINADO RON VIEJO DE CALDAS 3 AÑOS 750 VIDRIO 40°,750NI,UNI-EXP,2
4-03-0000-0969,SEMITERMINADO RON VIEJO DE CALDAS 5 AÑOS 750 VIDRIO 40°,750NI,UNI-EXP,2
4-03-0000-0984,SEMITERMINADO RON VIEJO DE CALDAS 5 AÑOS 700 VIDRIO 40°,700NI,UNIVERSAL,2
4-01-0777-0001,AGUARDIENTE CRISTAL TRADICIONAL 250 TETRAPACK 29°,250T,UNIVERSAL,TETRA250
4-01-0777-0002,AGUARDIENTE CRISTAL TRADICIONAL 375 VIDRIO 29°,375R,UNIVERSAL,1
4-01-0777-0003,AGUARDIENTE CRISTAL TRADICIONAL 750 VIDRIO 29°,750R,UNIVERSAL,1
4-01-0777-0005,AGUARDIENTE CRISTAL TRADICIONAL 1750 VIDRIO 29°,1750-AD,UNIVERSAL,4
4-01-0777-0011,AGUARDIENTE CRISTAL  XS 375 VIDRIO 24°,375V2,UNIVERSAL,1
4-01-0777-0012,AGUARDIENTE CRISTAL  XS 750 VIDRIO 24°,750V2,UNIVERSAL,1
4-01-0777-0014,AGUARDIENTE CRISTAL SIN AZÚCAR GRIS 250 TETRAPACK 29°,250T,UNIVERSAL,TETRA250
4-01-0777-0149,AGUARDIENTE CRISTAL SIN AZÚCAR GRIS 375 VIDRIO 29°,375R,UNIVERSAL,1
4-01-0777-0150,AGUARDIENTE CRISTAL SIN AZÚCAR GRIS 750 VIDRIO 29°,750R,UNIVERSAL,1
4-01-0777-0445,AGUARDIENTE AMARILLO 750ML 32°,750R,UNIVERSAL,4
4-01-0777-0588,AGUARDIENTE CRISTAL XS SIN AZUCAR 1750 VIDRIO 24°,1750-AD,UNIVERSAL,4
4-01-0777-0589,AGUARDIENTE CRISTAL XS 1000 VIDRIO 24° ,1000V2,UNIVERSAL,1
4-01-0777-0625,AGUARDIENTE CRISTAL S SIN AZUCAR 750 VIDRIO 26°,750V2,UNIVERSAL,1
4-01-0777-1065,AGUARDIENTE CRISTAL XS SIN AZUCAR 1000 TETRAPACK 24° VERDE,1000T,UNIVERSAL,TETRA1000
4-01-0777-0663,AGUARDIENTE CRISTAL SIN AZÚCAR GRIS 1000 TETRAPACK 29°N IM,1000T,UNIVERSAL,TETRA1000
4-01-0777-0976,AGUARDIENTE CRISTAL TRADICIONAL 1000 TETRAPACK 29° P,1000T,UNIVERSAL,TETRA1000
4-03-0777-0974,RON VIEJO DE CALDAS TRADICIONAL 1000 TETRAPACK 35°P,1000T,UNIVERSAL,TETRA1000
4-01-0777-0975,AGUARDIENTE CRISTAL SIN AZÚCAR GRIS 1000 TETRAPACK 29°P,1000T,UNIVERSAL,TETRA1000
4-01-0777-0664,AGUARDIENTE CRISTAL TRADICIONAL 1000 TETRAPACK 29° N IM,1000T,UNIVERSAL,TETRA1000
4-01-0777-0667,AGUARDIENTE CRISTAL S SIN AZUCAR 50 SHOT 26° 12X10 UND,50P,UNIVERSAL,SHOT
4-01-0777-0668,AGUARDIENTE CRISTAL XS SIN AZUCAR 50 SHOT 24° 12X10 UND,50P,UNIVERSAL,SHOT
4-01-0777-0826,AGUARDIENTE CRISTAL SIN AZUCAR GRIS 50 SHOT 29° 12X10 UND,50P,UNIVERSAL,SHOT
4-01-0777-0882,AGUARDIENTE AMARILLO DE MANZANARES 375 VIDRIO 24°,375CV-A,UNIVERSAL,4
4-01-0777-0884,AGUARDIENTE AMARILLO DE MANZANARES 750 VIDRIO 24°,750CV-A,UNIVERSAL,4
4-01-0777-1093,AGUARDIENTE AMARILLO DE MANZANARES 750 VIDRIO 24° NP,750CV-A,UNIVERSAL,2
4-01-0777-1094,AGUARDIENTE AMARILLO DE MANZANARES SA 375 VIDRIO 24° NP,375CV-A,UNIVERSAL,2
4-01-2491-1334,AGUARDIENTE AMARILLO DE MANZANARES SA 375 VIDRIO 24°,375CV-A,ESTADOS UNIDOS,3
4-01-0000-1346,SEMITERMINADO AGUARDIENTE AMARILLO SA 375 VIDRIO 24° EXP,375CV-A,SEMI EXP,3
4-01-0777-1098,AGUARDIENTE AMARILLO DE MANZANARES 750 VIDRIO 24°+CAJA IND,750CV-A,UNIVERSAL,2
4-01-0000-1330,SEMITERMINADO AGUARDIENTE AMARILLO SA 1500 VIDRIO 24° EXP,1500CV-A,UNIVERSAL,4
4-01-0777-1229,AGUARDIENTE AMARILLO DE MANZANARES SA 1500 VIDRIO 24°,1500CV-A,UNIVERSAL,4
4-01-0880-0232,AGUARDIENTE CRISTAL TRADICIONAL 1750 VIDRIO 29°,1750-AD,SAN ANDRES,4
4-01-0777-1100,AGUARDIENTE CRISTAL XS SIN AZUCAR 375 VIDRIO 24° VERDE,375V2,UNIVERSAL,1
4-01-0777-1101,AGUARDIENTE CRISTAL XS SIN AZUCAR 750 VIDRIO 24° VERDE,750V2,UNIVERSAL,1
4-01-0777-1113,AGUARDIENTE CRISTAL XS SIN AZUCAR 250 TETRAPACK 24° VERDE,250T,UNIVERSAL,TETRA250
4-01-0777-1228,AGUARDIENTE AMARILLO DE MANZANARES SA 1000 VIDRIO 24°,1000CV-A,UNIVERSAL,3
4-01-2391-1321,AGUARDIENTE AMARILLO DE MANZANARES SA 1000 VIDRIO 24°,1000CV-A,ECUADOR CRONOCAMPUS,3
4-01-1960-1320,AGUARDIENTE AMARILLO DE MANZANARES SA 1000 VIDRIO 24°,1000CV-A,COSTA RICA,3
4-01-0000-1335,SEMITERMINADO AGUARDIENTE AMARILLO SA 1000 VIDRIO 24° EEUU,1000CV-A,SEMI EXP,3
4-01-0777-1068,AGUARDIENTE AMARILLO DE MANZANARES 1000 TETRAPAC 24°,1000T,UNIVERSAL,TETRA1000
4-01-0880-1269,AGUARDIENTE AMARILLO DE MANZANARES SA 1000 VIDRIO 24°,1000CV-A,SAN ANDRES,3
4-01-0880-1271,AGUARDIENTE AMARILLO DE MANZANARES SA 1500 VIDRIO 24°,1500CV-A,SAN ANDRES,4
4-03-0880-1272,RON VIEJO DE CALDAS OSCURO 700 VIDRIO 35°,700NI,SAN ANDRES,2
4-08-0880-1260,COCTEL DAIQUIRI FRESA 295 LATA 9°,295LATA,UNIVERSAL,RTDS
4-01-1960-0744,AGUARDIENTE CRISTAL  XS 750 VIDRIO 24°,750V2,COSTA RICA,1
4-01-1960-0745,AGUARDIENTE CRISTAL TRADICIONAL 750 VIDRIO 30°,750R,COSTA RICA,1
4-01-2111-1264,LICOR DE ANIS AMARILLO DE MANZANARES SA 750 VIDRIO 24°,750CV-A,CHILE,3
4-01-2391-1140,AGUARDIENTE AMARILLO DE MANZANARES SA 750 VIDRIO 24°,750CV-A,ECUADOR CRONOCAMPUS,4
4-01-2391-1263,AGUARDIENTE AMARILLO DE MANZANARES SA 750 ENV REG VIDRIO 24°,750CV-A,ECUADOR CRONOCAMPUS,3
4-01-2453-1325,AGUARDIENTE AMARILLO DE MANZANARES SA 1000 VIDRIO 24°,1000CV-A,ESPAÑA,3
4-01-2491-0994,AGUARDIENTE CRISTAL SIN AZUCAR AZUL 50 SHOT 30° 12X10 UND,50P,UNIVERSAL,SHOT
4-01-2491-0752,AGUARDIENTE  CRISTAL SIN AZUCAR AZUL 750 VIDRIO 30°,750V2,ESTADOS UNIDOS MEXCOR,1
4-01-2491-0867,AGUARDIENTE CRISTAL TRADICIONAL 750 VIDRIO 30°,750R,ESTADOS UNIDOS MEXCOR,1
4-01-2491-0885,AGUARDIENTE CRISTAL SIN AZUCAR AZUL 1750 VIDRIO 30°,1750-AD,ESTADOS UNIDOS MEXCOR,4
4-01-2491-1308,AGUARDIENTE AMARILLO DE MANZANARES SA 750 VIDRIO 24°,750CV-A,ESTADOS UNIDOS MEXCOR,3
4-01-2491-1322,AGUARDIENTE AMARILLO DE MANZANARES SA 1000 VIDRIO 24°,1000CV-A,ESTADOS UNIDOS MEXCOR,3
4-01-2492-1197,AGUARDIENTE AMARILLO DE MANZANARES SA 750 VIDRIO 24°,750CV-A,ESTADOS UNIDOS ROYAL,4
4-01-9701-1273,AGUARDIENTE AMARILLO DE MANZANARES SA 750 VIDRIO 24°,750CV-A,BOLIVIA,4
4-01-9701-1315,AGUARDIENTE  CRISTAL SIN AZUCAR AZUL 750 VIDRIO 30°,750V2,BOLIVIA,1
4-03-9701-1326,RON VIEJO DE CALDAS 3 AÑOS 750 VIDRIO 40° NP,750NI,BOLIVIA,2
4-03-9701-1327,RON VIEJO DE CALDAS 5 AÑOS 750 VIDRIO 40° NP,750NI,BOLIVIA,SEMI
4-03-9701-1328,RON VIEJO DE CALDAS 8 AÑOS 750 VIDRIO 40° NP,750CV-8,BOLIVIA,4
4-03-9701-1347,RON VIEJO DE CALDAS 5 AÑOS 750 VIDRIO 40° EST+2 VASOS,750NI,BOLIVIA,SEMI
4-02-0150-0880,AGUARDIENTE LIDER SIN AZUCAR 1000 TETRAPACK 29°,1000T,BOYACA,TETRA1000
4-02-0777-0911,LICOR DE VODKA SMIRNOFF X1 LULO 750 VIDRIO 25°,750DIA,DIAGEO,1
4-02-0777-0893,LICOR DE VODKA SMIRNOFF X1 LULO 375 VIDRIO 25°,375PG,DIAGEO,1
4-02-0777-0776,LICOR DE VODKA SMIRNOFF X1 LULO 750 VIDRIO 25°,750DIA,DIAGEO,1
4-02-0777-0874,LICOR DE VODKA SMIRNOFF X1 LULO 1000 TETRAPACK 25°,1000T,DIAGEO,TETRA1000
4-02-0777-1199,LICOR DE VODKA SMIRNOFF X1 SPICY TAMARIND 750 VIDRIO 25°,750DIA,DIAGEO,1
4-02-0777-1316,LICOR DE VODKA SMIRNOFF X1 SPICY TAMARIND 375 VIDRIO 25°,375PG,DIAGEO,1
4-02-0777-1319,LICOR DE VODKA SMIRNOFF X1 SPICY TAMARIND ILC 750 VIDRIO 25°,750DIA,DIAGEO,1
4-02-0777-1306,LICOR DE VODKA SMIRNOFF SPICY TAMARIND 1000 TETRAPAK 25°,1000T,DIAGEO,TETRA1000 
4-02-0777-1355,LICOR DE VODKA SMIRNOFF X1 SPICY TAMARIND 50 SHOT 25°,50P,DIAGEO,SHOT
4-02-0860-0296,AGUARDIENTE DEL PUTUMAYO SIN AZÚCAR 375 VIDRIO 29°,375V2,PUTUMAYO,1
4-02-0860-0298,AGUARDIENTE DEL PUTUMAYO SIN AZÚCAR 750 VIDRIO 29°,750V2,PUTUMAYO,2
4-02-0860-0300,AGUARDIENTE DEL PUTUMAYO SIN AZÚCAR 1750 VIDRIO 29°,1750-AD,PUTUMAYO,4
4-02-0860-1336,AGUARDIENTE DEL PUTUMAYO SIN AZUCAR 375 VIDRIO 29° NP,375V2,PUTUMAYO,1
4-02-0860-1337,AGUARDIENTE DEL PUTUMAYO SIN AZÚCAR 750 VIDRIO 29°,750V2,PUTUMAYO,1
4-02-0860-1338,AGUARDIENTE DEL PUTUMAYO SIN AZÚCAR 1750 VIDRIO 29° NP,1750-AD,PUTUMAYO,4
4-02-0860-1339,AGUARDIENTE DEL PUTUMAYO SELVA SIN AZUCAR 375 VIDRIO 24°,375V2,PUTUMAYO,1
4-02-0860-1340,AGUARDIENTE DEL PUTUMAYO SELVA SIN AZUCAR 750 VIDRIO 24°,750V2,PUTUMAYO,1
4-03-0000-0697,SEMITERMINADO RON VIEJO DE CALDAS 8 AÑOS 375 VIDRIO 35°,375CV-8,UNIVERSAL,4
4-03-0000-0698,SEMITERMINADO RON VIEJO DE CALDAS 15 AÑOS 750 VIDRIO 35°,750CV-15,GENERICO,4
4-03-0000-0987,SEMITERMINADO RON VIEJO DE CALDAS 8 AÑOS 750 VIDRIO 40°,750CV-8,GENERICO,4
4-03-0000-0988,SEMITERMINADO RON VIEJO CALDAS 8 CARTA DE ORO 750 VIDRIO 35°,750CV-8,GENERICO,4
4-03-0000-1103,SEMITERMINADO RON VIEJO DE CALDAS 3 AÑOS 1000 VIDRIO 40°,1000NI,GENERICO,1
4-03-0000-1146,SEMITERMINADO RON VIEJO DE CALDAS 3 AÑOS 375 VIDRIO 40°,375NI,SEMITERMINADO,3
4-03-0000-1147,SEMITERMINADO RON VIEJO DE CALDAS 3 AÑOS 1750 VIDRIO 40°,1750-AD,SEMITERMINADO,4
4-03-0000-1177,SEMITERMINADO RON VIEJO DE CALDAS 3 AÑOS 750 VIDRIO 40° EEUU,750NI,UNI-EXP,2
4-03-0000-1211,SEMITERMINADO RON VIEJO DE CALDAS 8 AÑOS 700 VIDRIO 40° NP,700CV-8,SEMITERMINADO,4
4-03-0000-1213,SEMITERMINADO RON VIEJO DE CALDAS 3 AÑOS 375 VIDRIO 40° NP,375NI,SEMITERMINADO,3
4-03-0000-1214,SEMITERMINADO RON VIEJO DE CALDAS 5 AÑOS 375 VIDRIO 40° NP,375NI,SEMITERMINADO,3
4-03-0173-0131,RON VIEJO DE CALDAS TRADICIONAL 375 VIDRIO 35°,375NI,ZONA 3,3
4-03-0173-0132,RON VIEJO DE CALDAS TRADICIONAL 750 VIDRIO 35°,750NI,ZONA 3,2
4-03-0692-1289,RON VIEJO DE CALDAS 5 AÑOS 700 VIDRIO 40° NP,700NI,NUEVA ZELANDA,2
4-03-6760-1188,RON VIEJO DE CALDAS 3 AÑOS 700 VIDRIO 40° NP,700NI,AUSTRIA,2
4-03-6760-1189,RON VIEJO DE CALDAS 5 AÑOS 700 VIDRIO 40° NP,700NI,AUSTRIA,2
4-03-6760-1190,RON VIEJO DE CALDAS 15 GRAN RESERVA ESPECIAL 700 VID 40° NP,700NI,AUSTRIA,2
4-03-6760-1191,RON VIEJO DE CALDAS ROBLE BLANCO 700 VIDRIO 40° NP,700NI,AUSTRIA,2
4-01-5805-1080,AGUARDIENTE CRISTAL TRADICIONAL 375 VIDRIO 30°,750R,PANAMA,1
4-03-0777-0019,RON VIEJO DE CALDAS TRADICIONAL 375 VIDRIO 35°,375NI,UNIVERSAL,3
4-03-0777-0940,RON VIEJO DE CALDAS 8 CARTA DE ORO 750 VIDRIO 35°,750CV-8,UNIVERSAL,4
4-03-0777-0941,RON VIEJO DE CALDAS 8 CARTA DE ORO 375 VIDRIO 35°,375CV-8,UNIVERSAL,4
4-03-0777-1104,RON VIEJO DE CALDAS 15 GRAN RESERVA ESPECIAL 750 VIDRIO 35NP,750CV-15,UNIVERSAL,4
4-03-0772-0932,RON VIEJO DE CALDAS 5 JUAN DE LA CRUZ 375 VIDRIO 35°,375NI,UNIVERSAL,1
4-03-0772-0928,RON VIEJO DE CALDAS TRADICIONAL 375 VIDRIO 35°,375NI,UNIVERSAL,3
4-03-0772-0929,RON VIEJO DE CALDAS TRADICIONAL 750 VIDRIO 35°,750NI,UNIVERSAL,2
4-03-0777-0022,RON VIEJO DE CALDAS TRADICIONAL 750 VIDRIO 35°,750NI,UNIVERSAL,2
4-03-0777-0023,RON VIEJO DE CALDAS TRADICIONAL 250 TETRAPACK 35°,250T,UNIVERSAL,TETRA250
4-03-0772-0930,RON VIEJO DE CALDAS TRADICIONAL 1000 VIDRIO 35°,1000NI,UNIVERSAL,1
4-03-0777-0025,RON VIEJO DE CALDAS TRADICIONAL 1000 VIDRIO 35°,1000NI,UNIVERSAL,1
4-03-0772-0931,RON VIEJO DE CALDAS TRADICIONAL 1750 VIDRIO 35°,1750-AD,UNIVERSAL,4
4-03-0777-0026,RON VIEJO DE CALDAS TRADICIONAL 1750 VIDRIO 35°,1750-AD,UNIVERSAL,4
4-03-0777-0028,RON VIEJO DE CALDAS 15 GRAN RESERVA ESPECIAL 750 VIDRIO 35°,750CV-15,UNIVERSAL,4
4-03-0777-0031,RON VIEJO DE CALDAS 5 AÑOS 750 VIDRIO 35° DEG,750NI,UNIVERSAL,2
4-03-0777-0665,RON VIEJO DE CALDAS TRADICIONAL 1000 TETRAPACK 35°N IM,1000T,UNIVERSAL,TETRA1000
4-04-0777-0924,CREMA DE RVC CHEERS 50 SHOT 15.1°,50P,UNIVERSAL,SHOT
4-03-2491-0985,RON VIEJO DE CALDAS 3 AÑOS 50 SHOT 40° 12X10 UND,50P,UNIVERSAL,SHOT
4-03-0777-0918,RON VIEJO DE CALDAS ROBLE BLANCO 50 SHOT 35° 12X10 UND,50P,UNIVERSAL,SHOT
4-01-0777-0916,AGUARDIENTE AMARILLO DE MANZANARES SA 50 SHOT 24° 12X10 UND,50P,UNIVERSAL,SHOT
4-05-0777-0927,LICOR DE RON VIEJO DE CALDAS ESENCIAL 1000 VIDRIO 29°,1000NI,UNIVERSAL,1
4-05-0777-0917,LICOR DE RON VIEJO DE CALDAS ESENCIAL 50 SHOT 29° 12X10 UND,50P,UNIVERSAL,SHOT
4-03-0777-0670,RON VIEJO DE CALDAS TRADICIONAL 50 SHOT 35° 12X10 UND,50P,UNIVERSAL,SHOT
4-03-0772-0933,RON VIEJO DE CALDAS 5 JUAN DE LA CRUZ 750 VIDRIO 35°,750NI,UNIVERSAL,2
4-03-0777-0756,RON VIEJO DE CALDAS 5 JUAN DE LA CRUZ 750 VIDRIO 35°,750NI,UNIVERSAL,2
4-03-0777-0760,RON VIEJO DE CALDAS 5 JUAN DE LA CRUZ 375 VIDRIO 35°,375NI,UNIVERSAL,1
4-03-0777-0780,RON VIEJO DE CALDAS ROBLE BLANCO 750 VIDRIO 35°,750NI,UNIVERSAL,1
4-03-0777-0952,RON VIEJO DE CALDAS 8 CARTA DE ORO 750 VIDRIO 35°EST+2 VASOS,750CV-8,UNIVERSAL,SEMI
4-03-0777-0920,RON VIEJO DE CALDAS ROBLE BLANCO 750 VIDRIO 35° EST+2 C,750NI,UNIVERSAL,SEMI
4-03-0777-1070,RON VIEJO DE CALDAS LEON DORMIDO FINALIZADO 750 VIDRIO 40°,750CV-21,UNIVERSAL,4
4-03-0000-1071,SEMITERMINADO RVC LEON DORMIDO FINALIZADO 750 VIDRIO 40°EXP,750CV-21,UNIVERSAL,4
4-03-0777-0877,RON VIEJO DE CALDAS 5 JUAN DE LA CRUZ 750 VIDRIO 35° EST+2 V,750NI,UNIVERSAL,SEMI
4-03-0777-1235,RON VIEJO DE CALDAS OSCURO 700 VIDRIO 35°,700NI,UNIVERSAL,2
4-03-0777-1343,RON VIEJO DE CALDAS OSCURO 375 VIDRIO 35°,375NI,UNIVERSAL,1
4-03-0880-0238,RON VIEJO DE CALDAS TRADICIONAL 375 VIDRIO 35°,375NI,SAN ANDRES,3
4-03-0880-0240,RON VIEJO DE CALDAS TRADICIONAL 750 VIDRIO 35°,750NI,SAN ANDRES,2
4-03-0880-0241,RON VIEJO DE CALDAS TRADICIONAL 1750 VIDRIO 35°,1750-AD,SAN ANDRES,4
4-03-0880-0548,RON VIEJO DE CALDAS 15 GRAN RESERVA ESPECIAL 750 VIDRIO 35°,750CV-15,SAN ANDRES,4
4-03-0880-0957,RON VIEJO DE CALDAS 8 CARTA DE ORO 750 VIDRIO 35°,750CV-8,SAN ANDRES,SEMI
4-03-0880-0956,RON VIEJO DE CALDAS 8 CARTA DE ORO 375 VIDRIO 35°,375CV-8,SAN ANDRES,4
4-03-0880-0559,RON VIEJO DE CALDAS TRADICIONAL 1000 VIDRIO 35° N IM,1000NI,SAN ANDRES,1
4-03-0880-0845,RON VIEJO DE CALDAS 5 JUAN DE LA CRUZ 750 VIDRIO 35°,750NI,SAN ANDRES,2
4-03-0880-0846,RON VIEJO DE CALDAS 5 JUAN DE LA CRUZ 375 VIDRIO 35°,375NI,SAN ANDRES,2
4-03-0880-0892,RON VIEJO DE CALDAS ROBLE BLANCO 750 VIDRIO 35°,750NI,SAN ANDRES,1
4-03-0000-1072,SEMITERMINADO RON VIEJO DE CALDAS 3 AÑOS 700 VIDRIO 40°,700NI,SEMITERMINADO,2
4-03-0000-1210,SEMITERMINADO RON VIEJO DE CALDAS 15 GRE 700 VIDRIO 40° NP,700CV-15,SEMI EXP,4
4-03-0000-1215,SEMITERMINADO RON VIEJO DE CALDAS 3 AÑOS 750 VID 40° EEUU NP,750NI,ESTADOS UNIDOS,2
4-03-2452-1200,RON VIEJO DE CALDAS 3 AÑOS 375 VIDRIO 40° NP,375NI,ESPAÑA,1
4-03-2452-1202,RON VIEJO DE CALDAS 5 AÑOS 375 VIDRIO 40° NP,375NI,ESPAÑA,1
4-03-2452-1201,RON VIEJO DE CALDAS 3 AÑOS 700 VIDRIO 40° NP,700NI,ESPAÑA,2
4-03-2452-1217,RON VIEJO DE CALDAS 5 AÑOS 700 VIDRIO 40° NP,700NI,ESPAÑA,2
4-03-2452-1218,RON VIEJO DE CALDAS 8 AÑOS 700 VIDRIO 40° NP,700CV-8,ESPAÑA,4
4-03-2452-1219,RON VIEJO DE CALDAS 15 GRAN RESERVA ESPECIAL 700 VID 40° NP,700CV-15,ESPAÑA,4
4-03-2453-1357,RON VIEJO DE CALDAS ROBLE BLANCO 700 VIDRIO 40° NP,700NI,ESPAÑA,2
4-01-1960-1323,AGUARDIENTE AMARILLO DE MANZANARES SA 1500 VIDRIO 24°,1500CV-A,COSTA RICA,4
4-03-1960-0746,RON VIEJO DE CALDAS 3 AÑOS 750 VIDRIO 40°,750NI,COSTA RICA,2
4-03-1960-0747,RON VIEJO DE CALDAS 5 AÑOS 750 VIDRIO 40°,750NI,COSTA RICA,2
4-03-0000-1057,SEMITERMINADO RON VIEJO DE CALDAS 8 AÑOS 700 VIDRIO 40°,700CV-8,GENERICO,4
4-03-2111-0922,RON VIEJO DE CALDAS 5 AÑOS 700 VIDRIO 40°,700NI,CHILE GLOBAL,2
4-03-2111-1237,RON VIEJO DE CALDAS 5 AÑOS 700 VIDRIO 40° NP,700NI,CHILE GLOBAL,2
4-03-2111-0925,RON VIEJO DE CALDAS 8 AÑOS 700 VIDRIO 40°,700CV-8,CHILE GLOBAL,4
4-03-2111-0953,RON VIEJO DE CALDAS ROBLE BLANCO 700 VIDRIO 40°,700NI,CHILE GLOBAL,2
4-03-2111-0841,RON VIEJO DE CALDAS 3 AÑOS 700 VIDRIO 40°,700NI,CHILE GLOBAL,2
4-03-2391-0654,RON VIEJO DE CALDAS 3 AÑOS 750 VIDRIO 40°,750NI,ECUADOR CRONOCAMPUS,2
4-03-2391-1276,RON VIEJO DE CALDAS 3 AÑOS 750 VIDRIO 40° NP,750NI,ECUADOR CRONOCAMPUS,2
4-03-2391-1292,RON VIEJO DE CALDAS 3 AÑOS 750 VIDRIO 35° NP,750NI,ECUADOR CRONOCAMPUS,2
4-03-2111-0965,RON VIEJO DE CALDAS 5 AÑOS 700 VIDRIO 40° ESTUCHE,700NI,CHILE GLOBAL,SEMI
4-03-2111-1249,RON VIEJO DE CALDAS 3 AÑOS 700 VIDRIO 40° NP,700NI,CHILE GLOBAL,2
4-03-2391-0655,RON VIEJO DE CALDAS 5 AÑOS 750 VIDRIO 40°,750NI,ECUADOR CRONOCAMPUS,2
4-03-2391-0656,RON VIEJO DE CALDAS 8 AÑOS 750 VIDRIO 40°,750CV-8,ECUADOR CRONOCAMPUS,4
4-03-2391-1310,RON VIEJO DE CALDAS 5 AÑOS 750 VIDRIO 40° EST+2 VASOS,750NI,ECUADOR CRONOCAMPUS,SEMI
4-03-2111-0982,RON VIEJO DE CALDAS 15 GRAN RESERVA ESPECIAL 700 VIDRIO 40°,700CV-15,CHILE SURTIVENTAS,SEMI
4-03-2111-1023,RON VIEJO DE CALDAS 3 AÑOS 1000 VIDRIO 40°,1000NI,CHILE GLOBAL,1
4-03-2111-1049,RON VIEJO DE CALDAS 3 AÑOS 375 VIDRIO 40°,375NI,CHILE GLOBAL,1
4-03-2391-0701,RON VIEJO DE CALDAS 3 AÑOS 375 VIDRIO 40°,375NI,ECUADOR CRONOCAMPUS,3
4-03-2391-0703,RON VIEJO DE CALDAS 3 AÑOS 1750 VIDRIO 40°,1750-AD,ECUADOR CRONOCAMPUS,4
4-03-0000-1027,SEMITERMINADO RON VIEJO DE CALDAS ROBLE BLANCO 700 VID 40°,700NI,UNI EXP,2
4-03-0000-1028,SEMITERMINADO RON VIEJO DE CALDAS ROBLE BLANCO 750 VID 40°,750NI,UNI EXP,1
4-03-2452-1037,RON VIEJO DE CALDAS 3 AÑOS 700 VIDRIO 40°,700NI,ESPAÑA,2
4-03-2452-1038,RON VIEJO DE CALDAS 5 AÑOS 700 VIDRIO 40°,700NI,ESPAÑA,2
4-03-2453-1282,RON VIEJO DE CALDAS 5 AÑOS 700 VIDRIO 40°,700NI,ESPAÑA,2
4-03-2453-1281,RON VIEJO DE CALDAS 3 AÑOS 700 VIDRIO 40° NP,700NI,ESPAÑA,2
4-03-2453-1283,RON VIEJO DE CALDAS 8 AÑOS 700 VIDRIO 40° NP,700CV-8,ESPAÑA,4
4-03-2453-1284,RON VIEJO CALDAS 15 GRAN RESERVA ESPECIAL 700 VIDRIO 40° NP,700CV-15,ESPAÑA,4
4-01-2453-1287,AGUARDIENTE AMARILLO DE MANZANARES SA 700 VIDRIO 24°,700CV-A,ESPAÑA,2
4-03-2453-1309,RON VIEJO DE CALDAS 5 AÑOS 700 VIDRIO 40° EST+2 VASOS,700NI,ESPAÑA,2
4-01-2453-1364,AGUARDIENTE AMARILLO DE MANZANARES SA 1500 VIDRIO 24°,1500CV-A,ESPAÑA,4
4-03-2453-1285,RON VIEJO DE CALDAS 3 AÑOS 375 VIDRIO 40° NP,375NI,ESPAÑA,3
4-03-0000-0970,SEMITERMINADO RON VIEJO DE CALDAS 15 GRE 700 VIDRIO 40°,700CV-15,UNI-EXP,4
4-03-0000-1032,SEMITERMINADO RON VIEJO DE CALDAS 15 GRE 750 VIDRIO 40°,750CV-15,UNI-EXP,4
4-03-2492-0983,RON VIEJO DE CALDAS 15 GRAN RESERVA ESPECIAL 750 VIDRIO 40°,750CV-15,ESTADOS UNIDOS ROYAL,4
4-03-2491-0751,RON VIEJO DE CALDAS 3 AÑOS 1750 VIDRIO 40°,1750-AD,ESTADOS UNIDOS MEXCOR,4
4-03-2491-0817,RON VIEJO DE CALDAS 5 AÑOS 750 VIDRIO 40°,750NI,ESTADOS UNIDOS MEXCOR,2
4-03-2491-0830,RON VIEJO DE CALDAS ROBLE BLANCO 750 VIDRIO 40°,750NI,ESTADOS UNIDOS MEXCOR,1
4-03-2491-0835,RON VIEJO DE CALDAS 3 AÑOS 1000 VIDRIO 40°,1000NI,ESTADOS UNIDOS MEXCOR,1
4-03-2491-0837,RON VIEJO DE CALDAS 3 AÑOS 750 VIDRIO 40°,750NI,ESTADOS UNIDOS MEXCOR,1
4-03-2491-0858,RON VIEJO DE CALDAS 8 AÑOS 750 VIDRIO 40°,750CV-8,ESTADOS UNIDOS MEXCOR,4
4-03-2491-1007,RON VIEJO DE CALDAS 8 AÑOS 750 VIDRIO 40° EST+1 V,750CV-8,ESTADOS UNIDOS MEXCOR,4
4-03-2491-1312,RON VIEJO DE CALDAS 5 AÑOS 750 VIDRIO 40° EST+2 VASOS,750NI,ESTADOS UNIDOS MEXCOR,SEMI
4-03-2492-0828,RON VIEJO DE CALDAS 3 AÑOS 375 VIDRIO 40°,375NI,ESTADOS UNIDOS ROYAL,1
4-03-2492-0834,RON VIEJO DE CALDAS 3 AÑOS 1000 VIDRIO 40°,1000NI,ESTADOS UNIDOS ROYAL,1
4-03-2492-0836,RON VIEJO DE CALDAS 3 AÑOS 1750 VIDRIO 40°,1750-AD,ESTADOS UNIDOS ROYAL,4
4-03-2492-0838,RON VIEJO DE CALDAS 3 AÑOS 750 VIDRIO 40°,750NI,ESTADOS UNIDOS ROYAL,2
4-03-2492-0857,RON VIEJO DE CALDAS 8 AÑOS 750 VIDRIO 40°,750CV-8,ESTADOS UNIDOS ROYAL,4
4-03-2492-0891,RON VIEJO DE CALDAS 5 AÑOS 750 VIDRIO 40°,750NI,ESTADOS UNIDOS ROYAL,2
4-01-3860-1221,AGUARDIENTE AMARILLO DE MANZANARES SA 700 VIDRIO 24°,700CV-A,ITALIA,4
4-03-3860-1222,RON VIEJO DE CALDAS 15 GRAN RESERVA ESPECIAL 700 VID 40° NP,750CV-15,ITALIA,4
4-03-3860-1223,RON VIEJO DE CALDAS 8 AÑOS 700 VIDRIO 40° NP,700CV-8,ITALIA,4
4-03-2452-1053,RON VIEJO DE CALDAS 8 AÑOS 700 VIDRIO 40°,700CV-8,ESPAÑA,4
4-03-2452-1054,RON VIEJO DE CALDAS 15 GRAN RESERVA ESPECIAL 700 VIDRIO 40°,700CV-15,ESPAÑA,4
4-03-2750-1056,RON VIEJO DE CALDAS 15 GRAN RESERVA ESPECIAL 700 VIDRIO 40° ,700CV-15,FRANCIA,4
4-03-2750-1233,RON VIEJO DE CALDAS 8 AÑOS 700 VIDRIO 40° NP,700CV-8,FRANCIA,4
4-03-5805-1075,RON VIEJO CALDAS 750ML40°N IM ,750NI,PANAMA,1
4-03-5805-1076,RON VIEJO DE CALDAS 5 AÑOS 750 VIDRIO 40°,750NI,PANAMA,1
4-03-5805-1077,RON VIEJO DE CALDAS 8 AÑOS 750 VIDRIO 40°,750CV-8,PANAMA,4
4-03-5805-1078,RON VIEJO DE CALDAS 15 GRAN RESERVA ESPECIAL 750 VIDRIO 40°,750CV-15,PANAMA,4
4-01-5805-1231,AGUARDIENTE AMARILLO DE MANZANARES SA 750 VIDRIO 24°,750CV-A,PANAMA,4
4-03-5805-1245,RON VIEJO DE CALDAS 5 AÑOS 750 VIDRIO 40° NP,750NI,PANAMA,2
4-03-5805-1246,RON VIEJO DE CALDAS 8 AÑOS 750 VIDRIO 40° NP,750CV-8,PANAMA,4
4-03-5805-1244,RON VIEJO DE CALDAS 3 AÑOS 750 VIDRIO 40° NP,750NI,PANAMA,2
4-01-5805-1079,AGUARDIENTE CRISTAL TRADICIONAL 750 VIDRIO 30°,750R,PANAMA,1
4-01-5805-1081,AGUARDIENTE CRISTAL SIN AZUCAR AZUL 750 VIDRIO 30° ,750V2,PANAMA,1
4-03-5806-1293,RON VIEJO DE CALDAS 3 AÑOS 750 VIDRIO 40° NP,750NI,PANAMA,2
4-03-5806-1294,RON VIEJO DE CALDAS 5 AÑOS 750 VIDRIO 40° NP,750NI,PANAMA,2
4-03-5806-1295,RON VIEJO DE CALDAS 8 AÑOS 750 VIDRIO 40° NP,750CV-8,PANAMA,4
4-03-5806-1296,RON VIEJO DE CALDAS 15 GRAN RESERVA ESPECIAL 750VIDRIO40° NP,750CV-15,PANAMA,4
4-03-5806-1314,RON VIEJO DE CALDAS 5 AÑOS 750 VIDRIO 40° EST+2 VASOS ,750NI,PANAMA,2
4-01-5806-1297,AGUARDIENTE AMARILLO DE MANZANARES SA 750 VIDRIO 24°,750CV-A,PANAMA,4
4-01-5806-1362,AGUARDIENTE AMARILLO DE MANZANARES SA 1000 VIDRIO 24°,1000CV-A,PANAMA,3
4-01-5806-1348,AGUARDIENTE AMARILLO DE MANZANARES SA 375 VIDRIO 24°,375CV-A,PANAMA,4
4-01-5806-1361,AGUARDIENTE AMARILLO DE MANZANARES SA 1500 VIDRIO 24°,1500CV-A,PANAMA,4
4-01-5805-1082,AGUARDIENTE CRISTAL SIN AZUCAR AZUL 375 VIDRIO 30°,375V2,PANAMA,1
4-03-5890-0567,RON VIEJO DE CALDAS 8 AÑOS 750 VIDRIO 40°,750CV-8,PERÚ,4
4-03-5890-0576,RON VIEJO DE CALDAS 15 GRAN RESERVA ESPECIAL 750 VIDRIO 40°,750CV-15,PERÚ,4
4-03-5890-0866,RON VIEJO DE CALDAS ROBLE BLANCO 750 VIDRIO 40°,750NI,PERÚ,1
4-03-6760-0629,RON VIEJO DE CALDAS 3 AÑOS 700 VIDRIO 40°,700NI,RUSIA,2
4-03-6760-0630,RON VIEJO DE CALDAS 5 AÑOS 700 VIDRIO 40°,700NI,RUSIA,2
4-03-6440-0902,RON VIEJO DE CALDAS 5 AÑOS 700 VIDRIO 40°,700NI,REPUBLICA CHECA,2
4-03-6760-0631,RON VIEJO DE CALDAS 8 AÑOS 700 VIDRIO 40°,700CV-8,RUSIA,4
4-07-0000-1031,SEMITERMINADO GIN BOSQUE DE INDIAS 700 VIDRIO 37.5°,700GIN,UNIVERSAL,4
4-07-0777-0992,GINEBRA 700 VIDRIO 37.5°,700GIN,UNIVERSAL,4
4-05-0880-1018,LICOR DE RON VIEJO DE CALDAS ESENCIAL 375 VIDRIO 29°,375NI,SAN ANDRES,3
4-07-0880-1020,GIN BOSQUE DE INDIAS 700 VIDRIO 37.5°,700GIN,SAN ANDRES,4
4-07-0777-1047,GIN BOSQUE DE INDIAS 50 SHOT 37.5° 12X10 UND,50P,UNIVERSAL,SHOT
4-07-0000-1034,SEMITERMINADO GIN BOSQUE DE INDIAS 700 VIDRIO 37.5° EXP,700GIN,UNIVERSAL,4
4-03-6070-1073,RON VIEJO DE CALDAS 3 AÑOS 700 VIDRIO 40°,700NI,PORTUGAL,2
4-03-6070-1087,RON VIEJO DE CALDAS 8 AÑOS 700 VIDRIO 40°,700CV-8,PORTUGAL,4
4-03-6070-1074,RON VIEJO DE CALDAS 5 AÑOS 700 VIDRIO 40°,700NI,PORTUGAL,2
4-03-6760-0632,RON VIEJO DE CALDAS 15 GRAN RESERVA ESPECIAL 700 VIDRIO 40°,700CV-15,RUSIA,4
4-03-6760-0945,RON VIEJO DE CALDAS ROBLE BLANCO 700 VIDRIO 40°,700NI,RUSIA,2
4-04-0880-0967,CREMA DE RVC CHEERS 700 VIDRIO 15.1°,700CV-8,SAN ANDRES,SEMI
4-04-0777-0921,CREMA DE RON  CHEERS 700 VIDRIO 15.1°,700CV-8,UNIVERSAL,4
4-04-0777-0034,CREMA DE RON  CHEERS 750 VIDRIO 14.8°,750CH,UNIVERSAL,4
4-04-5890-0543,RON VIEJO DE CALDAS 3 AÑOS 750 VIDRIO 40°,750NI,PERÚ,2
4-04-5890-0544,RON VIEJO DE CALDAS 5 AÑOS 750 VIDRIO 40°,750NI,PERÚ,2
4-05-0777-0887,LICOR DE RVC ESENCIAL 375 VIDRIO 29°,375NI,UNIVERSAL,3
4-05-0777-0888,LICOR DE RVC ESENCIAL 750 VIDRIO 29°,750NI,UNIVERSAL,2
4-05-0777-0889,LICOR DE RVC ESENCIAL 1750 VIDRIO 29°,1750-AD,UNIVERSAL,4
4-05-0777-0993,LICOR DE RON VIEJO DE CALDAS ESENCIAL 750 VIDRIO 29° EST+2 C,750NI,UNIVERSAL,2 
4-05-0777-1046,LICOR DE RON VIEJO DE CALDAS ESENCIAL 1000 TETRAPACK 29°,1000T,UNIVERSAL,TETRA1000
4-05-0777-1248,LICOR DE RON VIEJO DE CALDAS ESENCIAL 250 TETRAPACK 29°,250T,UNIVERSAL,TETRA250
4-06-0180-1270,AGUARDIENTE EXTRA DE CAQUETÁ SIN AZÚCAR 375 VIDRIO 24°,375V2,CAQUETA,1
4-06-0180-0264,AGUARDIENTE EXTRA DE CAQUETÁ TRADICIONAL 375 VIDRIO 29°,375V2,CAQUETA,1
4-06-0180-0265,AGUARDIENTE EXTRA DE CAQUETÁ SIN AZÚCAR 375 VIDRIO 29°,375V2,CAQUETA,1
4-06-0180-0269,AGUARDIENTE EXTRA DE CAQUETÁ SIN AZÚCAR 750 VIDRIO 29°,750V2,CAQUETA,1
4-06-0180-0271,AGUARDIENTE EXTRA DE CAQUETÁ SIN AZÚCAR 1750 VIDRIO 29°,1750-AD,CAQUETA,4
4-06-0777-0438,ALCOHOL PURO 750ML CUPO 90°,750R,UNIVERSAL,2
4-06-0180-1268,AGUARDIENTE EXTRA DE CAQUETÁ SIN AZÚCAR 750 VIDRIO 24°,750V2,CAQUETA,1
4-06-0180-1121,AGUARDIENTE EXTRA DE CAQUETÁ SIN AZUCAR 250 TETRAPAK 29°,250T,CAQUETA,TETRA250
4-08-0777-1083,COCTEL MOJITO 295 RTDS 9°,295LATA,UNIVERSAL,RTDS
4-08-0777-1084,COCTEL CUBA LIBRE 295 RTDS 9°,295LATA,UNIVERSAL,RTDS
4-08-0777-1097,COCTEL GIN TONIC 295 LATA 9°,295LATA,UNIVERSAL,RTDS
4-01-0690-1163,AGUARDIENTE  CRISTAL SIN AZUCAR AZUL 750 VIDRIO 30°,750V2,AUSTRALIA,1
4-01-0690-1164,AGUARDIENTE AMARILLO DE MANZANARES SA 700 VIDRIO 24°,700CV-A,AUSTRALIA,2
4-01-1960-1176,AGUARDIENTE AMARILLO DE MANZANARES SA 750 VIDRIO 24°,750CV-A,COSTA RICA,2
4-01-6760-1166,AGUARDIENTE AMARILLO DE MANZANARES SA 700 VIDRIO 24°,700CV-A,RUSIA,2
4-03-0000-1167,SEMITERMINADO RON VIEJO DE CALDAS 15 AÑOS 750 VIDRIO 35° NP,750CV-15,GENERICO,4
4-03-0690-1159,RON VIEJO DE CALDAS 5 AÑOS 700 VIDRIO 40°,750NI,AUSTRALIA,2
4-03-0690-1160,RON VIEJO DE CALDAS 8 AÑOS 700 VIDRIO 40°,700CV-8,AUSTRALIA,4
4-03-0690-1162,RON VIEJO DE CALDAS LEON DORMIDO FINALIZADO 750 VIDRIO 40°,750CV-21,AUSTRALIA,4
4-03-0880-1175,RON VIEJO DE CALDAS 15 GRAN RESERVA ESPECIAL 750 VID 35° NP,750CV-15,SAN ANDRES,4
4-03-1960-1105,RON VIEJO DE CALDAS 3 AÑOS 375 VIDRIO 40°,375NI,COSTA RICA,2
4-03-1960-1133,RON VIEJO DE CALDAS 8 AÑOS 750 VIDRIO 40° X6,750CV-8,COSTA RICA,4
4-03-1960-1169,RON VIEJO DE CALDAS ROBLE BLANCO 750 VIDRIO 40°,750NI,COSTA RICA,1
4-03-1960-1171,RON VIEJO DE CALDAS 15 GRAN RESERVA ESPECIAL 750 VIDRIO 40°,750CV-15,COSTA RICA,4
4-03-1960-1172,RON VIEJO DE CALDAS LEON DORMIDO FINALIZADO 750 VIDRIO 40,750CV-21,COSTA RICA,4
4-03-1960-1174,RON VIEJO DE CALDAS 5 AÑOS 750 VIDRIO 40° EST + H,750NI,COSTA RICA,SEMI
4-03-1960-1345,RON VIEJO DE CALDAS ROBLE BLANCO 750 VIDRIO 40° NP,750NI,COSTA RICA,1
4-03-2111-1149,RON VIEJO DE CALDAS 5 AÑOS 700 VIDRIO 40° EST + H,700NI,CHILE GLOBAL,SEMI
4-03-2492-1152,RON VIEJO DE CALDAS 5 AÑOS 750 VIDRIO 40° EST+H,750NI,ESTADOS UNIDOS ROYAL,SEMI
4-03-2492-1226,RON VIEJO DE CALDAS 15 GRAN RESERVA ESPECIAL 750 VID 40° NP,750CV-15,ESTADOS UNIDOS ROYAL,4
4-03-2492-1187,RON VIEJO DE CALDAS ROBLE BLANCO 750 VIDRIO 40° NP,750NI,ESTADOS UNIDOS ROYAL,1
4-03-7670-1128,RON VIEJO DE CALDAS 8 AÑOS 700 VIDRIO 40° X6,700CV-8,SUIZA,4
4-03-7670-1161,RON VIEJO DE CALDAS 15 GRAN RESERVA ESPECIAL 700 VIDRIO 40°,700CV-15,SUIZA,4
4-07-1960-1173,GIN BOSQUE DE INDIAS 700 VIDRIO 37.5°,700GIN,COSTA RICA,4
4-08-0777-1156,COCTEL DAIQUIRI FRESA 295 LATA 9°,295LATA,UNIVERSAL,RTDS
4-09-0777-1155,LICOR DE CAÑA MOLENDERO SA 700 VIDRIO 24°,700MOL,UNIVERSAL,2
4-09-0777-1307,LICOR DE CAÑA MOLENDERO SA 50 SHOT 24° 12X10 UND,50P,UNIVERSAL,SHOT
4-05-6440-1207,LICOR DE RON VIEJO DE CALDAS ESENCIAL 750 VIDRIO 29°,750NI,REPUBLICA CHECA,2
4-03-6440-1208,RON VIEJO DE CALDAS LEON DORMIDO FINALIZADO 750 VIDRIO 40°,750CV-21,REPUBLICA CHECA,4
4-03-6440-1064,RON VIEJO DE CALDAS 5 AÑOS 700 VIDRIO 40° EST+SHAKER,700NI,REPUBLICA CHECA,SEMI
4-03-6440-1209,RON VIEJO DE CALDAS 8 AÑOS 700 VIDRIO 40° EST + 1 VASO,700CV-8,REPUBLICA CHECA,SEMI
4-07-6440-1205,GIN BOSQUE DE INDIAS 700 VIDRIO 37.5° ,700GIN,REPUBLICA CHECA,4
4-03-5890-1236,RON VIEJO DE CALDAS LEON DORMIDO FINALIZADO 750 VIDRIO 40°,750CV-21,PERÚ,4
4-03-5890-1278,RON VIEJO DE CALDAS 3 AÑOS 750 VIDRIO 40° NP,750NI,PERÚ,2
4-03-5890-1279,RON VIEJO DE CALDAS 5 AÑOS 750 VIDRIO 40° NP,750NI,PERÚ,SEMI
4-03-5890-1280,RON VIEJO DE CALDAS 8 AÑOS 750 VIDRIO 40° NP,750CV-8,PERÚ,SEMI
4-05-0880-1019,LICOR DE RON VIEJO DE CALDAS ESENCIAL 750 VIDRIO 29°,750NI,SAN ANDRES,2
4-03-0880-1086,RON VIEJO DE CALDAS LEON DORMIDO FINALIZADO 750 VIDRIO 40°,750CV-21,SAN ANDRES,4
4-03-2452-1106,RON VIEJO DE CALDAS 3 AÑOS 375 VIDRIO 40°,375NI,ESPAÑA,2
4-03-2452-1108,RON VIEJO DE CALDAS 5 AÑOS 375 VIDRIO 40°,375NI,ESPAÑA,1
4-01-0880-1118,AGUARDIENTE AMARILLO DE MANZANARES 750 VIDRIO 24° NP,750CV-A,SAN ANDRES,2
4-08-0880-1115,COCTEL MOJITO 295 LATA 9°,295LATA,SAN ANDRES,RTDS
4-08-0880-1116,COCTEL CUBA LIBRE 295 LATA 9°,295LATA,SAN ANDRES,RTDS
4-08-0880-1117,COCTEL GIN TONIC 295 LATA 9°,295LATA,SAN ANDRES,RTDS
4-01-0880-1354,AGUARDIENTE AMARILLO DE MANZANARES SA 1000 TETRA BRIK 24°,1000T,SAN ANDRES,TETRA1000
4-03-2491-1109,RON VIEJO DE CALDAS LEON DORMIDO FINALIZADO 750 VIDRIO 40°,750CV-21,ESTADOS UNIDOS MEXCOR,4
4-03-2491-1220,RON VIEJO DE CALDAS 8 AÑOS 750 VIDRIO 40° NP,750CV-8,ESTADOS UNIDOS MEXCOR,SEMI
4-03-2491-1227,RON VIEJO DE CALDAS 3 AÑOS 1750 VIDRIO 40° NP,1750-AD,ESTADOS UNIDOS MEXCOR,4
4-03-2491-1253,RON VIEJO DE CALDAS 3 AÑOS 750 VIDRIO 40° NP,750NI,ESTADOS UNIDOS MEXCOR,2
4-03-2491-1254,RON VIEJO DE CALDAS 5 AÑOS 750 VIDRIO 40° NP,750NI,ESTADOS UNIDOS MEXCOR,2
4-03-2491-1262,RON VIEJO DE CALDAS 3 AÑOS 375 VIDRIO 40° NP,375NI,ESTADOS UNIDOS MEXCOR,2
4-03-2491-1277,RON VIEJO DE CALDAS 3 AÑOS 1000 VIDRIO 40° NP,1000NI,ESTADOS UNIDOS MEXCOR,1
4-03-2111-1111,RON VIEJO DE CALDAS LEON DORMIDO FINALIZADO 750 VIDRIO 40°,750CV-21,CHILE GLOBAL,4
4-03-2111-1238,RON VIEJO DE CALDAS 8 AÑOS 700 VIDRIO 40° NP,700CV-8,CHILE GLOBAL,SEMI
4-03-2111-1239,RON VIEJO DE CALDAS ROBLE BLANCO 700 VIDRIO 40° NP,700NI,CHILE GLOBAL,2
4-03-2111-1250,RON VIEJO DE CALDAS 15 GRAN RESERVA ESPECIAL 700 VID 40° NP,700CV-15,CHILE GLOBAL,4
4-03-2111-1259,RON VIEJO DE CALDAS 3 AÑOS 375 VIDRIO 40° NP,375NI,CHILE GLOBAL,1
4-03-2111-1261,RON VIEJO DE CALDAS 3 AÑOS 1000 VIDRIO 40° NP,1000NI,CHILE GLOBAL,1
4-03-7670-1122,RON VIEJO DE CALDAS LEON DORMIDO FINALIZADO 750 VIDRIO 40°,750CV-21,SUIZA,4
4-03-7670-1251,RON VIEJO DE CALDAS ROBLE BLANCO 700 VIDRIO 40° NP,700NI,SUIZA,2
4-03-7670-1252,RON VIEJO DE CALDAS 3 AÑOS 700 VIDRIO 40° NP,700NI,SUIZA,2
4-03-2750-1124,RON VIEJO DE CALDAS 3 AÑOS 700 VIDRIO 40°,700NI,FRANCIA,2
4-03-2750-1234,RON VIEJO DE CALDAS 15 GRAN RESERVA ESPECIAL 700 VID 40° NP ,700NI,FRANCIA,2
4-03-2750-1243,RON VIEJO DE CALDAS 3 AÑOS 700 VIDRIO 40° NP,700NI,FRANCIA,SEMI
4-03-2750-1127,RON VIEJO DE CALDAS 5 AÑOS 700 VIDRIO 40°,700NI,FRANCIA,2
4-03-2750-1232,RON VIEJO DE CALDAS 5 AÑOS 700 VIDRIO 40° NP,700NI,FRANCIA,2
4-01-7670-1138,AGUARDIENTE AMARILLO DE MANZANARES SA 750 VIDRIO 24°,750CV-A,SUIZA,2
4-07-7670-1141,GIN BOSQUE DE INDIAS 700 VIDRIO 37.5°,700GIN,SUIZA,4
4-01-2452-1142,AGUARDIENTE AMARILLO DE MANZANARES SA 700 VIDRIO 24°,700CV-A,ESPAÑA,2
4-03-2391-1110,RON VIEJO DE CALDAS LEON DORMIDO FINALIZADO 750 VIDRIO 40°,750CV-21,ECUADOR CRONOCAMPUS,4
4-03-2391-1267,RON VIEJO DE CALDAS 5 AÑOS 750 VIDRIO 40° NP,750NI,ECUADOR CRONOCAMPUS,2
4-01-2391-1324,AGUARDIENTE AMARILLO DE MANZANARES SA 1500 VIDRIO 24°,1500CV-A,ECUADOR CRONOCAMPUS,4
4-03-0777-1148,RON VIEJO DE CALDAS 5 JUAN DE LA CRUZ 750 VIDRIO 35° EST + H,750NI,UNIVERSAL,SEMI
4-03-2452-1153,RON VIEJO DE CALDAS 5 AÑOS 700 VIDRIO 40° EST+H,700NI,ESPAÑA,SEMI
4-07-6760-1168,GIN BOSQUE DE INDIAS 700 VIDRIO 37.5°,700GIN,RUSIA,4
4-03-6760-1165,RON VIEJO DE CALDAS LEON DORMIDO FINALIZADO 750 VIDRIO 40°,750CV-21,RUSIA,4
4-03-0000-1342,SEMITERMINADO RVC LEON DORMIDO DOBLE ROBLE 700 VIDRIO 40°,700CV-21,UNIVERSAL EXP,4
4-03-0000-1351,SEMITERMINADO RVC LEON DORMIDO DOBLE ROBLE 700 VIDRIO 40°EXP,700CV-21,UNIVERSAL,4
4-03-0000-1356,SEMITERMINADO RVC LEON DORMIDO DOBLE ROBLE 700 VIDRIO 40°UNI,700CV-21,UNIVERSAL,4
4-03-0777-1341,RON VIEJO DE CALDAS LEON DORMIDO DOBLE ROBLE 700 VIDRIO 40°,700CV-21,UNIVERSAL,4
4-03-6760-1180,RON VIEJO DE CALDAS 8 AÑOS 700 VIDRIO 40° NP,700CV-8,AUSTRIA,SEMI
4-03-1960-1241,RON VIEJO DE CALDAS 5 AÑOS 750 VIDRIO 40° NP,750NI,COSTA RICA,2
4-03-1960-1240,RON VIEJO DE CALDAS 3 AÑOS 750 VIDRIO 40° NP,750NI,COSTA RICA,2
4-03-1960-1313,RON VIEJO DE CALDAS 5 AÑOS 750 VIDRIO 40° EST+2 VASOS,750NI,COSTA RICA,2
4-03-1960-1317,RON VIEJO DE CALDAS 8 AÑOS 750 VIDRIO 40° NP,750CV-8,COSTA RICA,SEMI
4-03-1960-1349,RON VIEJO DE CALDAS 5 AÑOS 375 VIDRIO 40° NP,375NI,COSTA RICA,1
4-03-1960-1344,RON VIEJO DE CALDAS 3 AÑOS 375 VIDRIO 40° NP,750NI,COSTA RICA,2